sample_id,split,seed,checkpoint,anonymous_method,description,reference_descriptions,object_error,action_error,attribute_error,relation_error,annotator,status
val_000001.png,val,1111,7000,M1,some houses are built at the top of the scene,"[""two houses are built at the top"", ""two buildings appear in the top"", ""two houses appear at the edge of the scene"", ""two houses are built at the top of the scene"", ""two buildings show up in the desert""]",unlabelled,unlabelled,unlabelled,unlabelled,,unlabelled
val_000001.png,val,1111,9000,M2,a row of houses is built at the top of the scene,"[""two houses are built at the top"", ""two buildings appear in the top"", ""two houses appear at the edge of the scene"", ""two houses are built at the top of the scene"", ""two buildings show up in the desert""]",unlabelled,unlabelled,unlabelled,unlabelled,,unlabelled
val_000001.png,val,1111,9000,M3,a house appears at the top of the scene,"[""two houses are built at the top"", ""two buildings appear in the top"", ""two houses appear at the edge of the scene"", ""two houses are built at the top of the scene"", ""two buildings show up in the desert""]",unlabelled,unlabelled,unlabelled,unlabelled,,unlabelled
val_000001.png,val,1111,9000,M4,a house appears at the top of the scene,"[""two houses are built at the top"", ""two buildings appear in the top"", ""two houses appear at the edge of the scene"", ""two houses are built at the top of the scene"", ""two buildings show up in the desert""]",unlabelled,unlabelled,unlabelled,unlabelled,,unlabelled
val_000001.png,val,2222,10000,M1,some houses appear at the top of the scene,"[""two houses are built at the top"", ""two buildings appear in the top"", ""two houses appear at the edge of the scene"", ""two houses are built at the top of the scene"", ""two buildings show up in the desert""]",unlabelled,unlabelled,unlabelled,unlabelled,,unlabelled
val_000001.png,val,2222,9000,M2,a row of houses is built at the top of the scene,"[""two houses are built at the top"", ""two buildings appear in the top"", ""two houses appear at the edge of the scene"", ""two houses are built at the top of the scene"", ""two buildings show up in the desert""]",unlabelled,unlabelled,unlabelled,unlabelled,,unlabelled
val_000001.png,val,2222,10000,M3,a row of houses is built at the top of the scene,"[""two houses are built at the top"", ""two buildings appear in the top"", ""two houses appear at the edge of the scene"", ""two houses are built at the top of the scene"", ""two buildings show up in the desert""]",unlabelled,unlabelled,unlabelled,unlabelled,,unlabelled
val_000001.png,val,2222,10000,M4,a row of houses is built at the top of the scene,"[""two houses are built at the top"", ""two buildings appear in the top"", ""two houses appear at the edge of the scene"", ""two houses are built at the top of the scene"", ""two buildings show up in the desert""]",unlabelled,unlabelled,unlabelled,unlabelled,,unlabelled
val_000001.png,val,3333,6000,M1,some houses are built at the top of the scene,"[""two houses are built at the top"", ""two buildings appear in the top"", ""two houses appear at the edge of the scene"", ""two houses are built at the top of the scene"", ""two buildings show up in the desert""]",unlabelled,unlabelled,unlabelled,unlabelled,,unlabelled
val_000001.png,val,3333,8000,M2,a row of houses is built at the top,"[""two houses are built at the top"", ""two buildings appear in the top"", ""two houses appear at the edge of the scene"", ""two houses are built at the top of the scene"", ""two buildings show up in the desert""]",unlabelled,unlabelled,unlabelled,unlabelled,,unlabelled
val_000001.png,val,3333,3000,M3,a building appears at the top of the scene,"[""two houses are built at the top"", ""two buildings appear in the top"", ""two houses appear at the edge of the scene"", ""two houses are built at the top of the scene"", ""two buildings show up in the desert""]",unlabelled,unlabelled,unlabelled,unlabelled,,unlabelled
val_000001.png,val,3333,8000,M4,a row of houses is built at the top,"[""two houses are built at the top"", ""two buildings appear in the top"", ""two houses appear at the edge of the scene"", ""two houses are built at the top of the scene"", ""two buildings show up in the desert""]",unlabelled,unlabelled,unlabelled,unlabelled,,unlabelled
val_000002.png,val,1111,7000,M1,a road with a house appears in the desert,"[""some trees have been removed and a road appears at the top"", ""a road appears at the top and some buildings are constructed below the road"", ""some vegetation is removed and a road with two parking lots is built"", ""some trees disappear and a cement road is built at the top of the scene"", ""a road is constructed and few buildings replace the woods""]",unlabelled,unlabelled,unlabelled,unlabelled,,unlabelled
val_000002.png,val,1111,9000,M2,a road is built to join the old road and some trees are removed,"[""some trees have been removed and a road appears at the top"", ""a road appears at the top and some buildings are constructed below the road"", ""some vegetation is removed and a road with two parking lots is built"", ""some trees disappear and a cement road is built at the top of the scene"", ""a road is constructed and few buildings replace the woods""]",unlabelled,unlabelled,unlabelled,unlabelled,,unlabelled
val_000002.png,val,1111,9000,M3,a road is built to replace the trees and some trees are removed,"[""some trees have been removed and a road appears at the top"", ""a road appears at the top and some buildings are constructed below the road"", ""some vegetation is removed and a road with two parking lots is built"", ""some trees disappear and a cement road is built at the top of the scene"", ""a road is constructed and few buildings replace the woods""]",unlabelled,unlabelled,unlabelled,unlabelled,,unlabelled
val_000002.png,val,1111,9000,M4,a road and a square of vegetation have been removed,"[""some trees have been removed and a road appears at the top"", ""a road appears at the top and some buildings are constructed below the road"", ""some vegetation is removed and a road with two parking lots is built"", ""some trees disappear and a cement road is built at the top of the scene"", ""a road is constructed and few buildings replace the woods""]",unlabelled,unlabelled,unlabelled,unlabelled,,unlabelled
val_000002.png,val,2222,10000,M1,a road with a house appears in the desert,"[""some trees have been removed and a road appears at the top"", ""a road appears at the top and some buildings are constructed below the road"", ""some vegetation is removed and a road with two parking lots is built"", ""some trees disappear and a cement road is built at the top of the scene"", ""a road is constructed and few buildings replace the woods""]",unlabelled,unlabelled,unlabelled,unlabelled,,unlabelled
val_000002.png,val,2222,9000,M2,a road and a house replace the trees,"[""some trees have been removed and a road appears at the top"", ""a road appears at the top and some buildings are constructed below the road"", ""some vegetation is removed and a road with two parking lots is built"", ""some trees disappear and a cement road is built at the top of the scene"", ""a road is constructed and few buildings replace the woods""]",unlabelled,unlabelled,unlabelled,unlabelled,,unlabelled
val_000002.png,val,2222,10000,M3,a road is built on the top side of the scene and a house is built at the top of the scene,"[""some trees have been removed and a road appears at the top"", ""a road appears at the top and some buildings are constructed below the road"", ""some vegetation is removed and a road with two parking lots is built"", ""some trees disappear and a cement road is built at the top of the scene"", ""a road is constructed and few buildings replace the woods""]",unlabelled,unlabelled,unlabelled,unlabelled,,unlabelled
val_000002.png,val,2222,10000,M4,a road is built and some trees are removed,"[""some trees have been removed and a road appears at the top"", ""a road appears at the top and some buildings are constructed below the road"", ""some vegetation is removed and a road with two parking lots is built"", ""some trees disappear and a cement road is built at the top of the scene"", ""a road is constructed and few buildings replace the woods""]",unlabelled,unlabelled,unlabelled,unlabelled,,unlabelled
val_000002.png,val,3333,6000,M1,a house appears in the center of the scene,"[""some trees have been removed and a road appears at the top"", ""a road appears at the top and some buildings are constructed below the road"", ""some vegetation is removed and a road with two parking lots is built"", ""some trees disappear and a cement road is built at the top of the scene"", ""a road is constructed and few buildings replace the woods""]",unlabelled,unlabelled,unlabelled,unlabelled,,unlabelled
val_000002.png,val,3333,8000,M2,a road appears in the top and some plants are removed,"[""some trees have been removed and a road appears at the top"", ""a road appears at the top and some buildings are constructed below the road"", ""some vegetation is removed and a road with two parking lots is built"", ""some trees disappear and a cement road is built at the top of the scene"", ""a road is constructed and few buildings replace the woods""]",unlabelled,unlabelled,unlabelled,unlabelled,,unlabelled
val_000002.png,val,3333,3000,M3,a road appears in the desert,"[""some trees have been removed and a road appears at the top"", ""a road appears at the top and some buildings are constructed below the road"", ""some vegetation is removed and a road with two parking lots is built"", ""some trees disappear and a cement road is built at the top of the scene"", ""a road is constructed and few buildings replace the woods""]",unlabelled,unlabelled,unlabelled,unlabelled,,unlabelled
val_000002.png,val,3333,8000,M4,a road is built in the top right corner,"[""some trees have been removed and a road appears at the top"", ""a road appears at the top and some buildings are constructed below the road"", ""some vegetation is removed and a road with two parking lots is built"", ""some trees disappear and a cement road is built at the top of the scene"", ""a road is constructed and few buildings replace the woods""]",unlabelled,unlabelled,unlabelled,unlabelled,,unlabelled
val_000003.png,val,1111,7000,M1,a row of houses is built at the top of the scene,"[""several buildings replace many plants next to the road"", ""a road is built in the top with some villas built along and plants are removed"", ""a road with several houses beside it is built"", ""three houses are built along the road at the top of the scene"", ""a road is constructed and few buildings replace the woods""]",unlabelled,unlabelled,unlabelled,unlabelled,,unlabelled
val_000003.png,val,1111,9000,M2,a road with a house appears in the top right corner and a villa is built in the top right,"[""several buildings replace many plants next to the road"", ""a road is built in the top with some villas built along and plants are removed"", ""a road with several houses beside it is built"", ""three houses are built along the road at the top of the scene"", ""a road is constructed and few buildings replace the woods""]",unlabelled,unlabelled,unlabelled,unlabelled,,unlabelled
val_000003.png,val,1111,9000,M3,a road is built and some houses are built at the top,"[""several buildings replace many plants next to the road"", ""a road is built in the top with some villas built along and plants are removed"", ""a road with several houses beside it is built"", ""three houses are built along the road at the top of the scene"", ""a road is constructed and few buildings replace the woods""]",unlabelled,unlabelled,unlabelled,unlabelled,,unlabelled
val_000003.png,val,1111,9000,M4,a road is built in the top left and some houses are built at the top,"[""several buildings replace many plants next to the road"", ""a road is built in the top with some villas built along and plants are removed"", ""a road with several houses beside it is built"", ""three houses are built along the road at the top of the scene"", ""a road is constructed and few buildings replace the woods""]",unlabelled,unlabelled,unlabelled,unlabelled,,unlabelled
val_000003.png,val,2222,10000,M1,a road with some houses built along appears in the top right corner,"[""several buildings replace many plants next to the road"", ""a road is built in the top with some villas built along and plants are removed"", ""a road with several houses beside it is built"", ""three houses are built along the road at the top of the scene"", ""a road is constructed and few buildings replace the woods""]",unlabelled,unlabelled,unlabelled,unlabelled,,unlabelled
val_000003.png,val,2222,9000,M2,a road with a house built on the bareland and some trees are removed,"[""several buildings replace many plants next to the road"", ""a road is built in the top with some villas built along and plants are removed"", ""a road with several houses beside it is built"", ""three houses are built along the road at the top of the scene"", ""a road is constructed and few buildings replace the woods""]",unlabelled,unlabelled,unlabelled,unlabelled,,unlabelled
val_000003.png,val,2222,10000,M3,a row of houses is built at the top of the scene,"[""several buildings replace many plants next to the road"", ""a road is built in the top with some villas built along and plants are removed"", ""a road with several houses beside it is built"", ""three houses are built along the road at the top of the scene"", ""a road is constructed and few buildings replace the woods""]",unlabelled,unlabelled,unlabelled,unlabelled,,unlabelled
val_000003.png,val,2222,10000,M4,a road with a house built along appears in the top left corner,"[""several buildings replace many plants next to the road"", ""a road is built in the top with some villas built along and plants are removed"", ""a road with several houses beside it is built"", ""three houses are built along the road at the top of the scene"", ""a road is constructed and few buildings replace the woods""]",unlabelled,unlabelled,unlabelled,unlabelled,,unlabelled
val_000003.png,val,3333,6000,M1,a road with some houses built around replaces the trees,"[""several buildings replace many plants next to the road"", ""a road is built in the top with some villas built along and plants are removed"", ""a road with several houses beside it is built"", ""three houses are built along the road at the top of the scene"", ""a road is constructed and few buildings replace the woods""]",unlabelled,unlabelled,unlabelled,unlabelled,,unlabelled
val_000003.png,val,3333,8000,M2,a road with villas built along appears in the top and trees are removed,"[""several buildings replace many plants next to the road"", ""a road is built in the top with some villas built along and plants are removed"", ""a road with several houses beside it is built"", ""three houses are built along the road at the top of the scene"", ""a road is constructed and few buildings replace the woods""]",unlabelled,unlabelled,unlabelled,unlabelled,,unlabelled
val_000003.png,val,3333,3000,M3,some trees are removed and some houses are built at the top,"[""several buildings replace many plants next to the road"", ""a road is built in the top with some villas built along and plants are removed"", ""a road with several houses beside it is built"", ""three houses are built along the road at the top of the scene"", ""a road is constructed and few buildings replace the woods""]",unlabelled,unlabelled,unlabelled,unlabelled,,unlabelled
val_000003.png,val,3333,8000,M4,a row of houses is built by the road,"[""several buildings replace many plants next to the road"", ""a road is built in the top with some villas built along and plants are removed"", ""a road with several houses beside it is built"", ""three houses are built along the road at the top of the scene"", ""a road is constructed and few buildings replace the woods""]",unlabelled,unlabelled,unlabelled,unlabelled,,unlabelled
val_000004.png,val,1111,7000,M1,some buildings are built in the top left and trees are removed,"[""several houses are built at the top in place of some trees"", ""a road and some houses are built and some plants are removed"", ""a road and two villas around it are constructed"", ""some houses are built along the road at the top of the scene"", ""a road is constructed and few buildings are build alongside taking the place of the plants""]",unlabelled,unlabelled,unlabelled,unlabelled,,unlabelled
val_000004.png,val,1111,9000,M2,a villa is built in the upper left corner of the scene,"[""several houses are built at the top in place of some trees"", ""a road and some houses are built and some plants are removed"", ""a road and two villas around it are constructed"", ""some houses are built along the road at the top of the scene"", ""a road is constructed and few buildings are build alongside taking the place of the plants""]",unlabelled,unlabelled,unlabelled,unlabelled,,unlabelled
val_000004.png,val,1111,9000,M3,a house is built in the upper left corner of the scene,"[""several houses are built at the top in place of some trees"", ""a road and some houses are built and some plants are removed"", ""a road and two villas around it are constructed"", ""some houses are built along the road at the top of the scene"", ""a road is constructed and few buildings are build alongside taking the place of the plants""]",unlabelled,unlabelled,unlabelled,unlabelled,,unlabelled
val_000004.png,val,1111,9000,M4,a house appears in the upper left corner of the scene,"[""several houses are built at the top in place of some trees"", ""a road and some houses are built and some plants are removed"", ""a road and two villas around it are constructed"", ""some houses are built along the road at the top of the scene"", ""a road is constructed and few buildings are build alongside taking the place of the plants""]",unlabelled,unlabelled,unlabelled,unlabelled,,unlabelled
val_000004.png,val,2222,10000,M1,a villa is built in the upper left corner of the scene,"[""several houses are built at the top in place of some trees"", ""a road and some houses are built and some plants are removed"", ""a road and two villas around it are constructed"", ""some houses are built along the road at the top of the scene"", ""a road is constructed and few buildings are build alongside taking the place of the plants""]",unlabelled,unlabelled,unlabelled,unlabelled,,unlabelled
val_000004.png,val,2222,9000,M2,a villa is built in the top right corner of the scene,"[""several houses are built at the top in place of some trees"", ""a road and some houses are built and some plants are removed"", ""a road and two villas around it are constructed"", ""some houses are built along the road at the top of the scene"", ""a road is constructed and few buildings are build alongside taking the place of the plants""]",unlabelled,unlabelled,unlabelled,unlabelled,,unlabelled
val_000004.png,val,2222,10000,M3,a villa with a path to the road appears in the top left corner,"[""several houses are built at the top in place of some trees"", ""a road and some houses are built and some plants are removed"", ""a road and two villas around it are constructed"", ""some houses are built along the road at the top of the scene"", ""a road is constructed and few buildings are build alongside taking the place of the plants""]",unlabelled,unlabelled,unlabelled,unlabelled,,unlabelled
val_000004.png,val,2222,10000,M4,a villa appears in the upper left corner of the scene,"[""several houses are built at the top in place of some trees"", ""a road and some houses are built and some plants are removed"", ""a road and two villas around it are constructed"", ""some houses are built along the road at the top of the scene"", ""a road is constructed and few buildings are build alongside taking the place of the plants""]",unlabelled,unlabelled,unlabelled,unlabelled,,unlabelled
val_000004.png,val,3333,6000,M1,a villa with a path appears in the top left corner of the scene,"[""several houses are built at the top in place of some trees"", ""a road and some houses are built and some plants are removed"", ""a road and two villas around it are constructed"", ""some houses are built along the road at the top of the scene"", ""a road is constructed and few buildings are build alongside taking the place of the plants""]",unlabelled,unlabelled,unlabelled,unlabelled,,unlabelled
val_000004.png,val,3333,8000,M2,a house appears in the upper left corner of the scene,"[""several houses are built at the top in place of some trees"", ""a road and some houses are built and some plants are removed"", ""a road and two villas around it are constructed"", ""some houses are built along the road at the top of the scene"", ""a road is constructed and few buildings are build alongside taking the place of the plants""]",unlabelled,unlabelled,unlabelled,unlabelled,,unlabelled
val_000004.png,val,3333,3000,M3,a building appears at the top of the scene,"[""several houses are built at the top in place of some trees"", ""a road and some houses are built and some plants are removed"", ""a road and two villas around it are constructed"", ""some houses are built along the road at the top of the scene"", ""a road is constructed and few buildings are build alongside taking the place of the plants""]",unlabelled,unlabelled,unlabelled,unlabelled,,unlabelled
val_000004.png,val,3333,8000,M4,a building with a path to the road appears in the top and some trees are removed,"[""several houses are built at the top in place of some trees"", ""a road and some houses are built and some plants are removed"", ""a road and two villas around it are constructed"", ""some houses are built along the road at the top of the scene"", ""a road is constructed and few buildings are build alongside taking the place of the plants""]",unlabelled,unlabelled,unlabelled,unlabelled,,unlabelled
val_000005.png,val,1111,7000,M1,the scene is the same as before,"[""there is no difference"", ""the two scenes seem identical"", ""the scene is the same as before"", ""no change has occurred"", ""almost nothing has changed""]",unlabelled,unlabelled,unlabelled,unlabelled,,unlabelled
val_000005.png,val,1111,9000,M2,the scene is the same as before,"[""there is no difference"", ""the two scenes seem identical"", ""the scene is the same as before"", ""no change has occurred"", ""almost nothing has changed""]",unlabelled,unlabelled,unlabelled,unlabelled,,unlabelled
val_000005.png,val,1111,9000,M3,the scene is the same as before,"[""there is no difference"", ""the two scenes seem identical"", ""the scene is the same as before"", ""no change has occurred"", ""almost nothing has changed""]",unlabelled,unlabelled,unlabelled,unlabelled,,unlabelled
val_000005.png,val,1111,9000,M4,the scene is the same as before,"[""there is no difference"", ""the two scenes seem identical"", ""the scene is the same as before"", ""no change has occurred"", ""almost nothing has changed""]",unlabelled,unlabelled,unlabelled,unlabelled,,unlabelled
val_000005.png,val,2222,10000,M1,the two scenes seem identical,"[""there is no difference"", ""the two scenes seem identical"", ""the scene is the same as before"", ""no change has occurred"", ""almost nothing has changed""]",unlabelled,unlabelled,unlabelled,unlabelled,,unlabelled
val_000005.png,val,2222,9000,M2,the two scenes seem identical,"[""there is no difference"", ""the two scenes seem identical"", ""the scene is the same as before"", ""no change has occurred"", ""almost nothing has changed""]",unlabelled,unlabelled,unlabelled,unlabelled,,unlabelled
val_000005.png,val,2222,10000,M3,the two scenes seem identical,"[""there is no difference"", ""the two scenes seem identical"", ""the scene is the same as before"", ""no change has occurred"", ""almost nothing has changed""]",unlabelled,unlabelled,unlabelled,unlabelled,,unlabelled
val_000005.png,val,2222,10000,M4,the two scenes seem identical,"[""there is no difference"", ""the two scenes seem identical"", ""the scene is the same as before"", ""no change has occurred"", ""almost nothing has changed""]",unlabelled,unlabelled,unlabelled,unlabelled,,unlabelled
val_000005.png,val,3333,6000,M1,the two scenes seem identical,"[""there is no difference"", ""the two scenes seem identical"", ""the scene is the same as before"", ""no change has occurred"", ""almost nothing has changed""]",unlabelled,unlabelled,unlabelled,unlabelled,,unlabelled
val_000005.png,val,3333,8000,M2,the scene is the same as before,"[""there is no difference"", ""the two scenes seem identical"", ""the scene is the same as before"", ""no change has occurred"", ""almost nothing has changed""]",unlabelled,unlabelled,unlabelled,unlabelled,,unlabelled
val_000005.png,val,3333,3000,M3,the two scenes seem identical,"[""there is no difference"", ""the two scenes seem identical"", ""the scene is the same as before"", ""no change has occurred"", ""almost nothing has changed""]",unlabelled,unlabelled,unlabelled,unlabelled,,unlabelled
val_000005.png,val,3333,8000,M4,the two scenes seem identical,"[""there is no difference"", ""the two scenes seem identical"", ""the scene is the same as before"", ""no change has occurred"", ""almost nothing has changed""]",unlabelled,unlabelled,unlabelled,unlabelled,,unlabelled
val_000006.png,val,1111,7000,M1,the scene is the same as before,"[""there is no difference"", ""the two scenes seem identical"", ""the scene is the same as before"", ""no change has occurred"", ""almost nothing has changed""]",unlabelled,unlabelled,unlabelled,unlabelled,,unlabelled
val_000006.png,val,1111,9000,M2,the two scenes seem identical,"[""there is no difference"", ""the two scenes seem identical"", ""the scene is the same as before"", ""no change has occurred"", ""almost nothing has changed""]",unlabelled,unlabelled,unlabelled,unlabelled,,unlabelled
val_000006.png,val,1111,9000,M3,the two scenes seem identical,"[""there is no difference"", ""the two scenes seem identical"", ""the scene is the same as before"", ""no change has occurred"", ""almost nothing has changed""]",unlabelled,unlabelled,unlabelled,unlabelled,,unlabelled
val_000006.png,val,1111,9000,M4,the two scenes seem identical,"[""there is no difference"", ""the two scenes seem identical"", ""the scene is the same as before"", ""no change has occurred"", ""almost nothing has changed""]",unlabelled,unlabelled,unlabelled,unlabelled,,unlabelled
val_000006.png,val,2222,10000,M1,the two scenes seem identical,"[""there is no difference"", ""the two scenes seem identical"", ""the scene is the same as before"", ""no change has occurred"", ""almost nothing has changed""]",unlabelled,unlabelled,unlabelled,unlabelled,,unlabelled
val_000006.png,val,2222,9000,M2,the two scenes seem identical,"[""there is no difference"", ""the two scenes seem identical"", ""the scene is the same as before"", ""no change has occurred"", ""almost nothing has changed""]",unlabelled,unlabelled,unlabelled,unlabelled,,unlabelled
val_000006.png,val,2222,10000,M3,the two scenes seem identical,"[""there is no difference"", ""the two scenes seem identical"", ""the scene is the same as before"", ""no change has occurred"", ""almost nothing has changed""]",unlabelled,unlabelled,unlabelled,unlabelled,,unlabelled
val_000006.png,val,2222,10000,M4,the two scenes seem identical,"[""there is no difference"", ""the two scenes seem identical"", ""the scene is the same as before"", ""no change has occurred"", ""almost nothing has changed""]",unlabelled,unlabelled,unlabelled,unlabelled,,unlabelled
val_000006.png,val,3333,6000,M1,the two scenes seem identical,"[""there is no difference"", ""the two scenes seem identical"", ""the scene is the same as before"", ""no change has occurred"", ""almost nothing has changed""]",unlabelled,unlabelled,unlabelled,unlabelled,,unlabelled
val_000006.png,val,3333,8000,M2,the scene is the same as before,"[""there is no difference"", ""the two scenes seem identical"", ""the scene is the same as before"", ""no change has occurred"", ""almost nothing has changed""]",unlabelled,unlabelled,unlabelled,unlabelled,,unlabelled
val_000006.png,val,3333,3000,M3,the two scenes seem identical,"[""there is no difference"", ""the two scenes seem identical"", ""the scene is the same as before"", ""no change has occurred"", ""almost nothing has changed""]",unlabelled,unlabelled,unlabelled,unlabelled,,unlabelled
val_000006.png,val,3333,8000,M4,the two scenes seem identical,"[""there is no difference"", ""the two scenes seem identical"", ""the scene is the same as before"", ""no change has occurred"", ""almost nothing has changed""]",unlabelled,unlabelled,unlabelled,unlabelled,,unlabelled
val_000007.png,val,1111,7000,M1,the scene is the same as before,"[""there is no difference"", ""the two scenes seem identical"", ""the scene is the same as before"", ""no change has occurred"", ""almost nothing has changed""]",unlabelled,unlabelled,unlabelled,unlabelled,,unlabelled
val_000007.png,val,1111,9000,M2,the two scenes seem identical,"[""there is no difference"", ""the two scenes seem identical"", ""the scene is the same as before"", ""no change has occurred"", ""almost nothing has changed""]",unlabelled,unlabelled,unlabelled,unlabelled,,unlabelled
val_000007.png,val,1111,9000,M3,the two scenes seem identical,"[""there is no difference"", ""the two scenes seem identical"", ""the scene is the same as before"", ""no change has occurred"", ""almost nothing has changed""]",unlabelled,unlabelled,unlabelled,unlabelled,,unlabelled
val_000007.png,val,1111,9000,M4,the two scenes seem identical,"[""there is no difference"", ""the two scenes seem identical"", ""the scene is the same as before"", ""no change has occurred"", ""almost nothing has changed""]",unlabelled,unlabelled,unlabelled,unlabelled,,unlabelled
val_000007.png,val,2222,10000,M1,the two scenes seem identical,"[""there is no difference"", ""the two scenes seem identical"", ""the scene is the same as before"", ""no change has occurred"", ""almost nothing has changed""]",unlabelled,unlabelled,unlabelled,unlabelled,,unlabelled
val_000007.png,val,2222,9000,M2,the two scenes seem identical,"[""there is no difference"", ""the two scenes seem identical"", ""the scene is the same as before"", ""no change has occurred"", ""almost nothing has changed""]",unlabelled,unlabelled,unlabelled,unlabelled,,unlabelled
val_000007.png,val,2222,10000,M3,the two scenes seem identical,"[""there is no difference"", ""the two scenes seem identical"", ""the scene is the same as before"", ""no change has occurred"", ""almost nothing has changed""]",unlabelled,unlabelled,unlabelled,unlabelled,,unlabelled
val_000007.png,val,2222,10000,M4,the two scenes seem identical,"[""there is no difference"", ""the two scenes seem identical"", ""the scene is the same as before"", ""no change has occurred"", ""almost nothing has changed""]",unlabelled,unlabelled,unlabelled,unlabelled,,unlabelled
val_000007.png,val,3333,6000,M1,the scene is the same as before,"[""there is no difference"", ""the two scenes seem identical"", ""the scene is the same as before"", ""no change has occurred"", ""almost nothing has changed""]",unlabelled,unlabelled,unlabelled,unlabelled,,unlabelled
val_000007.png,val,3333,8000,M2,the two scenes seem identical,"[""there is no difference"", ""the two scenes seem identical"", ""the scene is the same as before"", ""no change has occurred"", ""almost nothing has changed""]",unlabelled,unlabelled,unlabelled,unlabelled,,unlabelled
val_000007.png,val,3333,3000,M3,the two scenes seem identical,"[""there is no difference"", ""the two scenes seem identical"", ""the scene is the same as before"", ""no change has occurred"", ""almost nothing has changed""]",unlabelled,unlabelled,unlabelled,unlabelled,,unlabelled
val_000007.png,val,3333,8000,M4,the two scenes seem identical,"[""there is no difference"", ""the two scenes seem identical"", ""the scene is the same as before"", ""no change has occurred"", ""almost nothing has changed""]",unlabelled,unlabelled,unlabelled,unlabelled,,unlabelled
val_000008.png,val,1111,7000,M1,the scene is the same as before,"[""there is no difference"", ""the two scenes seem identical"", ""the scene is the same as before"", ""no change has occurred"", ""almost nothing has changed""]",unlabelled,unlabelled,unlabelled,unlabelled,,unlabelled
val_000008.png,val,1111,9000,M2,the two scenes seem identical,"[""there is no difference"", ""the two scenes seem identical"", ""the scene is the same as before"", ""no change has occurred"", ""almost nothing has changed""]",unlabelled,unlabelled,unlabelled,unlabelled,,unlabelled
val_000008.png,val,1111,9000,M3,the two scenes seem identical,"[""there is no difference"", ""the two scenes seem identical"", ""the scene is the same as before"", ""no change has occurred"", ""almost nothing has changed""]",unlabelled,unlabelled,unlabelled,unlabelled,,unlabelled
val_000008.png,val,1111,9000,M4,the two scenes seem identical,"[""there is no difference"", ""the two scenes seem identical"", ""the scene is the same as before"", ""no change has occurred"", ""almost nothing has changed""]",unlabelled,unlabelled,unlabelled,unlabelled,,unlabelled
val_000008.png,val,2222,10000,M1,the two scenes seem identical,"[""there is no difference"", ""the two scenes seem identical"", ""the scene is the same as before"", ""no change has occurred"", ""almost nothing has changed""]",unlabelled,unlabelled,unlabelled,unlabelled,,unlabelled
val_000008.png,val,2222,9000,M2,the two scenes seem identical,"[""there is no difference"", ""the two scenes seem identical"", ""the scene is the same as before"", ""no change has occurred"", ""almost nothing has changed""]",unlabelled,unlabelled,unlabelled,unlabelled,,unlabelled
val_000008.png,val,2222,10000,M3,the two scenes seem identical,"[""there is no difference"", ""the two scenes seem identical"", ""the scene is the same as before"", ""no change has occurred"", ""almost nothing has changed""]",unlabelled,unlabelled,unlabelled,unlabelled,,unlabelled
val_000008.png,val,2222,10000,M4,the two scenes seem identical,"[""there is no difference"", ""the two scenes seem identical"", ""the scene is the same as before"", ""no change has occurred"", ""almost nothing has changed""]",unlabelled,unlabelled,unlabelled,unlabelled,,unlabelled
val_000008.png,val,3333,6000,M1,the scene is the same as before,"[""there is no difference"", ""the two scenes seem identical"", ""the scene is the same as before"", ""no change has occurred"", ""almost nothing has changed""]",unlabelled,unlabelled,unlabelled,unlabelled,,unlabelled
val_000008.png,val,3333,8000,M2,the scene is the same as before,"[""there is no difference"", ""the two scenes seem identical"", ""the scene is the same as before"", ""no change has occurred"", ""almost nothing has changed""]",unlabelled,unlabelled,unlabelled,unlabelled,,unlabelled
val_000008.png,val,3333,3000,M3,the two scenes seem identical,"[""there is no difference"", ""the two scenes seem identical"", ""the scene is the same as before"", ""no change has occurred"", ""almost nothing has changed""]",unlabelled,unlabelled,unlabelled,unlabelled,,unlabelled
val_000008.png,val,3333,8000,M4,the two scenes seem identical,"[""there is no difference"", ""the two scenes seem identical"", ""the scene is the same as before"", ""no change has occurred"", ""almost nothing has changed""]",unlabelled,unlabelled,unlabelled,unlabelled,,unlabelled
val_000009.png,val,1111,7000,M1,the scene is the same as before,"[""there is no difference"", ""the two scenes seem identical"", ""the scene is the same as before"", ""no change has occurred"", ""almost nothing has changed""]",unlabelled,unlabelled,unlabelled,unlabelled,,unlabelled
val_000009.png,val,1111,9000,M2,the two scenes seem identical,"[""there is no difference"", ""the two scenes seem identical"", ""the scene is the same as before"", ""no change has occurred"", ""almost nothing has changed""]",unlabelled,unlabelled,unlabelled,unlabelled,,unlabelled
val_000009.png,val,1111,9000,M3,the two scenes seem identical,"[""there is no difference"", ""the two scenes seem identical"", ""the scene is the same as before"", ""no change has occurred"", ""almost nothing has changed""]",unlabelled,unlabelled,unlabelled,unlabelled,,unlabelled
val_000009.png,val,1111,9000,M4,the two scenes seem identical,"[""there is no difference"", ""the two scenes seem identical"", ""the scene is the same as before"", ""no change has occurred"", ""almost nothing has changed""]",unlabelled,unlabelled,unlabelled,unlabelled,,unlabelled
val_000009.png,val,2222,10000,M1,the two scenes seem identical,"[""there is no difference"", ""the two scenes seem identical"", ""the scene is the same as before"", ""no change has occurred"", ""almost nothing has changed""]",unlabelled,unlabelled,unlabelled,unlabelled,,unlabelled
val_000009.png,val,2222,9000,M2,the two scenes seem identical,"[""there is no difference"", ""the two scenes seem identical"", ""the scene is the same as before"", ""no change has occurred"", ""almost nothing has changed""]",unlabelled,unlabelled,unlabelled,unlabelled,,unlabelled
val_000009.png,val,2222,10000,M3,the two scenes seem identical,"[""there is no difference"", ""the two scenes seem identical"", ""the scene is the same as before"", ""no change has occurred"", ""almost nothing has changed""]",unlabelled,unlabelled,unlabelled,unlabelled,,unlabelled
val_000009.png,val,2222,10000,M4,the two scenes seem identical,"[""there is no difference"", ""the two scenes seem identical"", ""the scene is the same as before"", ""no change has occurred"", ""almost nothing has changed""]",unlabelled,unlabelled,unlabelled,unlabelled,,unlabelled
val_000009.png,val,3333,6000,M1,the scene is the same as before,"[""there is no difference"", ""the two scenes seem identical"", ""the scene is the same as before"", ""no change has occurred"", ""almost nothing has changed""]",unlabelled,unlabelled,unlabelled,unlabelled,,unlabelled
val_000009.png,val,3333,8000,M2,the two scenes seem identical,"[""there is no difference"", ""the two scenes seem identical"", ""the scene is the same as before"", ""no change has occurred"", ""almost nothing has changed""]",unlabelled,unlabelled,unlabelled,unlabelled,,unlabelled
val_000009.png,val,3333,3000,M3,the two scenes seem identical,"[""there is no difference"", ""the two scenes seem identical"", ""the scene is the same as before"", ""no change has occurred"", ""almost nothing has changed""]",unlabelled,unlabelled,unlabelled,unlabelled,,unlabelled
val_000009.png,val,3333,8000,M4,the two scenes seem identical,"[""there is no difference"", ""the two scenes seem identical"", ""the scene is the same as before"", ""no change has occurred"", ""almost nothing has changed""]",unlabelled,unlabelled,unlabelled,unlabelled,,unlabelled
val_000010.png,val,1111,7000,M1,the scene is the same as before,"[""there is no difference"", ""the two scenes seem identical"", ""the scene is the same as before"", ""no change has occurred"", ""almost nothing has changed""]",unlabelled,unlabelled,unlabelled,unlabelled,,unlabelled
val_000010.png,val,1111,9000,M2,the two scenes seem identical,"[""there is no difference"", ""the two scenes seem identical"", ""the scene is the same as before"", ""no change has occurred"", ""almost nothing has changed""]",unlabelled,unlabelled,unlabelled,unlabelled,,unlabelled
val_000010.png,val,1111,9000,M3,the two scenes seem identical,"[""there is no difference"", ""the two scenes seem identical"", ""the scene is the same as before"", ""no change has occurred"", ""almost nothing has changed""]",unlabelled,unlabelled,unlabelled,unlabelled,,unlabelled
val_000010.png,val,1111,9000,M4,the two scenes seem identical,"[""there is no difference"", ""the two scenes seem identical"", ""the scene is the same as before"", ""no change has occurred"", ""almost nothing has changed""]",unlabelled,unlabelled,unlabelled,unlabelled,,unlabelled
val_000010.png,val,2222,10000,M1,the two scenes seem identical,"[""there is no difference"", ""the two scenes seem identical"", ""the scene is the same as before"", ""no change has occurred"", ""almost nothing has changed""]",unlabelled,unlabelled,unlabelled,unlabelled,,unlabelled
val_000010.png,val,2222,9000,M2,the scene is the same as before,"[""there is no difference"", ""the two scenes seem identical"", ""the scene is the same as before"", ""no change has occurred"", ""almost nothing has changed""]",unlabelled,unlabelled,unlabelled,unlabelled,,unlabelled
val_000010.png,val,2222,10000,M3,the two scenes seem identical,"[""there is no difference"", ""the two scenes seem identical"", ""the scene is the same as before"", ""no change has occurred"", ""almost nothing has changed""]",unlabelled,unlabelled,unlabelled,unlabelled,,unlabelled
val_000010.png,val,2222,10000,M4,the two scenes seem identical,"[""there is no difference"", ""the two scenes seem identical"", ""the scene is the same as before"", ""no change has occurred"", ""almost nothing has changed""]",unlabelled,unlabelled,unlabelled,unlabelled,,unlabelled
val_000010.png,val,3333,6000,M1,the two scenes seem identical,"[""there is no difference"", ""the two scenes seem identical"", ""the scene is the same as before"", ""no change has occurred"", ""almost nothing has changed""]",unlabelled,unlabelled,unlabelled,unlabelled,,unlabelled
val_000010.png,val,3333,8000,M2,the two scenes seem identical,"[""there is no difference"", ""the two scenes seem identical"", ""the scene is the same as before"", ""no change has occurred"", ""almost nothing has changed""]",unlabelled,unlabelled,unlabelled,unlabelled,,unlabelled
val_000010.png,val,3333,3000,M3,the two scenes seem identical,"[""there is no difference"", ""the two scenes seem identical"", ""the scene is the same as before"", ""no change has occurred"", ""almost nothing has changed""]",unlabelled,unlabelled,unlabelled,unlabelled,,unlabelled
val_000010.png,val,3333,8000,M4,the two scenes seem identical,"[""there is no difference"", ""the two scenes seem identical"", ""the scene is the same as before"", ""no change has occurred"", ""almost nothing has changed""]",unlabelled,unlabelled,unlabelled,unlabelled,,unlabelled
val_000011.png,val,1111,7000,M1,the scene is the same as before,"[""there is no difference"", ""the two scenes seem identical"", ""the scene is the same as before"", ""no change has occurred"", ""almost nothing has changed""]",unlabelled,unlabelled,unlabelled,unlabelled,,unlabelled
val_000011.png,val,1111,9000,M2,the two scenes seem identical,"[""there is no difference"", ""the two scenes seem identical"", ""the scene is the same as before"", ""no change has occurred"", ""almost nothing has changed""]",unlabelled,unlabelled,unlabelled,unlabelled,,unlabelled
val_000011.png,val,1111,9000,M3,the two scenes seem identical,"[""there is no difference"", ""the two scenes seem identical"", ""the scene is the same as before"", ""no change has occurred"", ""almost nothing has changed""]",unlabelled,unlabelled,unlabelled,unlabelled,,unlabelled
val_000011.png,val,1111,9000,M4,the two scenes seem identical,"[""there is no difference"", ""the two scenes seem identical"", ""the scene is the same as before"", ""no change has occurred"", ""almost nothing has changed""]",unlabelled,unlabelled,unlabelled,unlabelled,,unlabelled
val_000011.png,val,2222,10000,M1,the two scenes seem identical,"[""there is no difference"", ""the two scenes seem identical"", ""the scene is the same as before"", ""no change has occurred"", ""almost nothing has changed""]",unlabelled,unlabelled,unlabelled,unlabelled,,unlabelled
val_000011.png,val,2222,9000,M2,the two scenes seem identical,"[""there is no difference"", ""the two scenes seem identical"", ""the scene is the same as before"", ""no change has occurred"", ""almost nothing has changed""]",unlabelled,unlabelled,unlabelled,unlabelled,,unlabelled
val_000011.png,val,2222,10000,M3,the two scenes seem identical,"[""there is no difference"", ""the two scenes seem identical"", ""the scene is the same as before"", ""no change has occurred"", ""almost nothing has changed""]",unlabelled,unlabelled,unlabelled,unlabelled,,unlabelled
val_000011.png,val,2222,10000,M4,the two scenes seem identical,"[""there is no difference"", ""the two scenes seem identical"", ""the scene is the same as before"", ""no change has occurred"", ""almost nothing has changed""]",unlabelled,unlabelled,unlabelled,unlabelled,,unlabelled
val_000011.png,val,3333,6000,M1,the two scenes seem identical,"[""there is no difference"", ""the two scenes seem identical"", ""the scene is the same as before"", ""no change has occurred"", ""almost nothing has changed""]",unlabelled,unlabelled,unlabelled,unlabelled,,unlabelled
val_000011.png,val,3333,8000,M2,the scene is the same as before,"[""there is no difference"", ""the two scenes seem identical"", ""the scene is the same as before"", ""no change has occurred"", ""almost nothing has changed""]",unlabelled,unlabelled,unlabelled,unlabelled,,unlabelled
val_000011.png,val,3333,3000,M3,the two scenes seem identical,"[""there is no difference"", ""the two scenes seem identical"", ""the scene is the same as before"", ""no change has occurred"", ""almost nothing has changed""]",unlabelled,unlabelled,unlabelled,unlabelled,,unlabelled
val_000011.png,val,3333,8000,M4,the two scenes seem identical,"[""there is no difference"", ""the two scenes seem identical"", ""the scene is the same as before"", ""no change has occurred"", ""almost nothing has changed""]",unlabelled,unlabelled,unlabelled,unlabelled,,unlabelled
val_000012.png,val,1111,7000,M1,the scene is the same as before,"[""there is no difference"", ""the two scenes seem identical"", ""the scene is the same as before"", ""no change has occurred"", ""almost nothing has changed""]",unlabelled,unlabelled,unlabelled,unlabelled,,unlabelled
val_000012.png,val,1111,9000,M2,the two scenes seem identical,"[""there is no difference"", ""the two scenes seem identical"", ""the scene is the same as before"", ""no change has occurred"", ""almost nothing has changed""]",unlabelled,unlabelled,unlabelled,unlabelled,,unlabelled
val_000012.png,val,1111,9000,M3,the two scenes seem identical,"[""there is no difference"", ""the two scenes seem identical"", ""the scene is the same as before"", ""no change has occurred"", ""almost nothing has changed""]",unlabelled,unlabelled,unlabelled,unlabelled,,unlabelled
val_000012.png,val,1111,9000,M4,the two scenes seem identical,"[""there is no difference"", ""the two scenes seem identical"", ""the scene is the same as before"", ""no change has occurred"", ""almost nothing has changed""]",unlabelled,unlabelled,unlabelled,unlabelled,,unlabelled
val_000012.png,val,2222,10000,M1,the two scenes seem identical,"[""there is no difference"", ""the two scenes seem identical"", ""the scene is the same as before"", ""no change has occurred"", ""almost nothing has changed""]",unlabelled,unlabelled,unlabelled,unlabelled,,unlabelled
val_000012.png,val,2222,9000,M2,the two scenes seem identical,"[""there is no difference"", ""the two scenes seem identical"", ""the scene is the same as before"", ""no change has occurred"", ""almost nothing has changed""]",unlabelled,unlabelled,unlabelled,unlabelled,,unlabelled
val_000012.png,val,2222,10000,M3,the two scenes seem identical,"[""there is no difference"", ""the two scenes seem identical"", ""the scene is the same as before"", ""no change has occurred"", ""almost nothing has changed""]",unlabelled,unlabelled,unlabelled,unlabelled,,unlabelled
val_000012.png,val,2222,10000,M4,the two scenes seem identical,"[""there is no difference"", ""the two scenes seem identical"", ""the scene is the same as before"", ""no change has occurred"", ""almost nothing has changed""]",unlabelled,unlabelled,unlabelled,unlabelled,,unlabelled
val_000012.png,val,3333,6000,M1,the scene is the same as before,"[""there is no difference"", ""the two scenes seem identical"", ""the scene is the same as before"", ""no change has occurred"", ""almost nothing has changed""]",unlabelled,unlabelled,unlabelled,unlabelled,,unlabelled
val_000012.png,val,3333,8000,M2,the scene is the same as before,"[""there is no difference"", ""the two scenes seem identical"", ""the scene is the same as before"", ""no change has occurred"", ""almost nothing has changed""]",unlabelled,unlabelled,unlabelled,unlabelled,,unlabelled
val_000012.png,val,3333,3000,M3,the two scenes seem identical,"[""there is no difference"", ""the two scenes seem identical"", ""the scene is the same as before"", ""no change has occurred"", ""almost nothing has changed""]",unlabelled,unlabelled,unlabelled,unlabelled,,unlabelled
val_000012.png,val,3333,8000,M4,the two scenes seem identical,"[""there is no difference"", ""the two scenes seem identical"", ""the scene is the same as before"", ""no change has occurred"", ""almost nothing has changed""]",unlabelled,unlabelled,unlabelled,unlabelled,,unlabelled
val_000013.png,val,1111,7000,M1,the scene is the same as before,"[""there is no difference"", ""the two scenes seem identical"", ""the scene is the same as before"", ""no change has occurred"", ""almost nothing has changed""]",unlabelled,unlabelled,unlabelled,unlabelled,,unlabelled
val_000013.png,val,1111,9000,M2,the two scenes seem identical,"[""there is no difference"", ""the two scenes seem identical"", ""the scene is the same as before"", ""no change has occurred"", ""almost nothing has changed""]",unlabelled,unlabelled,unlabelled,unlabelled,,unlabelled
val_000013.png,val,1111,9000,M3,the two scenes seem identical,"[""there is no difference"", ""the two scenes seem identical"", ""the scene is the same as before"", ""no change has occurred"", ""almost nothing has changed""]",unlabelled,unlabelled,unlabelled,unlabelled,,unlabelled
val_000013.png,val,1111,9000,M4,the two scenes seem identical,"[""there is no difference"", ""the two scenes seem identical"", ""the scene is the same as before"", ""no change has occurred"", ""almost nothing has changed""]",unlabelled,unlabelled,unlabelled,unlabelled,,unlabelled
val_000013.png,val,2222,10000,M1,the two scenes seem identical,"[""there is no difference"", ""the two scenes seem identical"", ""the scene is the same as before"", ""no change has occurred"", ""almost nothing has changed""]",unlabelled,unlabelled,unlabelled,unlabelled,,unlabelled
val_000013.png,val,2222,9000,M2,the two scenes seem identical,"[""there is no difference"", ""the two scenes seem identical"", ""the scene is the same as before"", ""no change has occurred"", ""almost nothing has changed""]",unlabelled,unlabelled,unlabelled,unlabelled,,unlabelled
val_000013.png,val,2222,10000,M3,the two scenes seem identical,"[""there is no difference"", ""the two scenes seem identical"", ""the scene is the same as before"", ""no change has occurred"", ""almost nothing has changed""]",unlabelled,unlabelled,unlabelled,unlabelled,,unlabelled
val_000013.png,val,2222,10000,M4,the two scenes seem identical,"[""there is no difference"", ""the two scenes seem identical"", ""the scene is the same as before"", ""no change has occurred"", ""almost nothing has changed""]",unlabelled,unlabelled,unlabelled,unlabelled,,unlabelled
val_000013.png,val,3333,6000,M1,the two scenes seem identical,"[""there is no difference"", ""the two scenes seem identical"", ""the scene is the same as before"", ""no change has occurred"", ""almost nothing has changed""]",unlabelled,unlabelled,unlabelled,unlabelled,,unlabelled
val_000013.png,val,3333,8000,M2,the two scenes seem identical,"[""there is no difference"", ""the two scenes seem identical"", ""the scene is the same as before"", ""no change has occurred"", ""almost nothing has changed""]",unlabelled,unlabelled,unlabelled,unlabelled,,unlabelled
val_000013.png,val,3333,3000,M3,the two scenes seem identical,"[""there is no difference"", ""the two scenes seem identical"", ""the scene is the same as before"", ""no change has occurred"", ""almost nothing has changed""]",unlabelled,unlabelled,unlabelled,unlabelled,,unlabelled
val_000013.png,val,3333,8000,M4,the two scenes seem identical,"[""there is no difference"", ""the two scenes seem identical"", ""the scene is the same as before"", ""no change has occurred"", ""almost nothing has changed""]",unlabelled,unlabelled,unlabelled,unlabelled,,unlabelled
val_000014.png,val,1111,7000,M1,the scene is the same as before,"[""there is no difference"", ""the two scenes seem identical"", ""the scene is the same as before"", ""no change has occurred"", ""almost nothing has changed""]",unlabelled,unlabelled,unlabelled,unlabelled,,unlabelled
val_000014.png,val,1111,9000,M2,the two scenes seem identical,"[""there is no difference"", ""the two scenes seem identical"", ""the scene is the same as before"", ""no change has occurred"", ""almost nothing has changed""]",unlabelled,unlabelled,unlabelled,unlabelled,,unlabelled
val_000014.png,val,1111,9000,M3,the two scenes seem identical,"[""there is no difference"", ""the two scenes seem identical"", ""the scene is the same as before"", ""no change has occurred"", ""almost nothing has changed""]",unlabelled,unlabelled,unlabelled,unlabelled,,unlabelled
val_000014.png,val,1111,9000,M4,the two scenes seem identical,"[""there is no difference"", ""the two scenes seem identical"", ""the scene is the same as before"", ""no change has occurred"", ""almost nothing has changed""]",unlabelled,unlabelled,unlabelled,unlabelled,,unlabelled
val_000014.png,val,2222,10000,M1,the two scenes seem identical,"[""there is no difference"", ""the two scenes seem identical"", ""the scene is the same as before"", ""no change has occurred"", ""almost nothing has changed""]",unlabelled,unlabelled,unlabelled,unlabelled,,unlabelled
val_000014.png,val,2222,9000,M2,the two scenes seem identical,"[""there is no difference"", ""the two scenes seem identical"", ""the scene is the same as before"", ""no change has occurred"", ""almost nothing has changed""]",unlabelled,unlabelled,unlabelled,unlabelled,,unlabelled
val_000014.png,val,2222,10000,M3,the two scenes seem identical,"[""there is no difference"", ""the two scenes seem identical"", ""the scene is the same as before"", ""no change has occurred"", ""almost nothing has changed""]",unlabelled,unlabelled,unlabelled,unlabelled,,unlabelled
val_000014.png,val,2222,10000,M4,the two scenes seem identical,"[""there is no difference"", ""the two scenes seem identical"", ""the scene is the same as before"", ""no change has occurred"", ""almost nothing has changed""]",unlabelled,unlabelled,unlabelled,unlabelled,,unlabelled
val_000014.png,val,3333,6000,M1,the two scenes seem identical,"[""there is no difference"", ""the two scenes seem identical"", ""the scene is the same as before"", ""no change has occurred"", ""almost nothing has changed""]",unlabelled,unlabelled,unlabelled,unlabelled,,unlabelled
val_000014.png,val,3333,8000,M2,the two scenes seem identical,"[""there is no difference"", ""the two scenes seem identical"", ""the scene is the same as before"", ""no change has occurred"", ""almost nothing has changed""]",unlabelled,unlabelled,unlabelled,unlabelled,,unlabelled
val_000014.png,val,3333,3000,M3,the two scenes seem identical,"[""there is no difference"", ""the two scenes seem identical"", ""the scene is the same as before"", ""no change has occurred"", ""almost nothing has changed""]",unlabelled,unlabelled,unlabelled,unlabelled,,unlabelled
val_000014.png,val,3333,8000,M4,the two scenes seem identical,"[""there is no difference"", ""the two scenes seem identical"", ""the scene is the same as before"", ""no change has occurred"", ""almost nothing has changed""]",unlabelled,unlabelled,unlabelled,unlabelled,,unlabelled
val_000015.png,val,1111,7000,M1,the scene is the same as before,"[""there is no difference"", ""the two scenes seem identical"", ""the scene is the same as before"", ""no change has occurred"", ""almost nothing has changed""]",unlabelled,unlabelled,unlabelled,unlabelled,,unlabelled
val_000015.png,val,1111,9000,M2,the two scenes seem identical,"[""there is no difference"", ""the two scenes seem identical"", ""the scene is the same as before"", ""no change has occurred"", ""almost nothing has changed""]",unlabelled,unlabelled,unlabelled,unlabelled,,unlabelled
val_000015.png,val,1111,9000,M3,the two scenes seem identical,"[""there is no difference"", ""the two scenes seem identical"", ""the scene is the same as before"", ""no change has occurred"", ""almost nothing has changed""]",unlabelled,unlabelled,unlabelled,unlabelled,,unlabelled
val_000015.png,val,1111,9000,M4,the two scenes seem identical,"[""there is no difference"", ""the two scenes seem identical"", ""the scene is the same as before"", ""no change has occurred"", ""almost nothing has changed""]",unlabelled,unlabelled,unlabelled,unlabelled,,unlabelled
val_000015.png,val,2222,10000,M1,the two scenes seem identical,"[""there is no difference"", ""the two scenes seem identical"", ""the scene is the same as before"", ""no change has occurred"", ""almost nothing has changed""]",unlabelled,unlabelled,unlabelled,unlabelled,,unlabelled
val_000015.png,val,2222,9000,M2,the two scenes seem identical,"[""there is no difference"", ""the two scenes seem identical"", ""the scene is the same as before"", ""no change has occurred"", ""almost nothing has changed""]",unlabelled,unlabelled,unlabelled,unlabelled,,unlabelled
val_000015.png,val,2222,10000,M3,the two scenes seem identical,"[""there is no difference"", ""the two scenes seem identical"", ""the scene is the same as before"", ""no change has occurred"", ""almost nothing has changed""]",unlabelled,unlabelled,unlabelled,unlabelled,,unlabelled
val_000015.png,val,2222,10000,M4,the two scenes seem identical,"[""there is no difference"", ""the two scenes seem identical"", ""the scene is the same as before"", ""no change has occurred"", ""almost nothing has changed""]",unlabelled,unlabelled,unlabelled,unlabelled,,unlabelled
val_000015.png,val,3333,6000,M1,the scene is the same as before,"[""there is no difference"", ""the two scenes seem identical"", ""the scene is the same as before"", ""no change has occurred"", ""almost nothing has changed""]",unlabelled,unlabelled,unlabelled,unlabelled,,unlabelled
val_000015.png,val,3333,8000,M2,the scene is the same as before,"[""there is no difference"", ""the two scenes seem identical"", ""the scene is the same as before"", ""no change has occurred"", ""almost nothing has changed""]",unlabelled,unlabelled,unlabelled,unlabelled,,unlabelled
val_000015.png,val,3333,3000,M3,the two scenes seem identical,"[""there is no difference"", ""the two scenes seem identical"", ""the scene is the same as before"", ""no change has occurred"", ""almost nothing has changed""]",unlabelled,unlabelled,unlabelled,unlabelled,,unlabelled
val_000015.png,val,3333,8000,M4,the two scenes seem identical,"[""there is no difference"", ""the two scenes seem identical"", ""the scene is the same as before"", ""no change has occurred"", ""almost nothing has changed""]",unlabelled,unlabelled,unlabelled,unlabelled,,unlabelled
val_000016.png,val,1111,7000,M1,the scene is the same as before,"[""there is no difference"", ""the two scenes seem identical"", ""the scene is the same as before"", ""no change has occurred"", ""almost nothing has changed""]",unlabelled,unlabelled,unlabelled,unlabelled,,unlabelled
val_000016.png,val,1111,9000,M2,the two scenes seem identical,"[""there is no difference"", ""the two scenes seem identical"", ""the scene is the same as before"", ""no change has occurred"", ""almost nothing has changed""]",unlabelled,unlabelled,unlabelled,unlabelled,,unlabelled
val_000016.png,val,1111,9000,M3,the two scenes seem identical,"[""there is no difference"", ""the two scenes seem identical"", ""the scene is the same as before"", ""no change has occurred"", ""almost nothing has changed""]",unlabelled,unlabelled,unlabelled,unlabelled,,unlabelled
val_000016.png,val,1111,9000,M4,the two scenes seem identical,"[""there is no difference"", ""the two scenes seem identical"", ""the scene is the same as before"", ""no change has occurred"", ""almost nothing has changed""]",unlabelled,unlabelled,unlabelled,unlabelled,,unlabelled
val_000016.png,val,2222,10000,M1,the two scenes seem identical,"[""there is no difference"", ""the two scenes seem identical"", ""the scene is the same as before"", ""no change has occurred"", ""almost nothing has changed""]",unlabelled,unlabelled,unlabelled,unlabelled,,unlabelled
val_000016.png,val,2222,9000,M2,the two scenes seem identical,"[""there is no difference"", ""the two scenes seem identical"", ""the scene is the same as before"", ""no change has occurred"", ""almost nothing has changed""]",unlabelled,unlabelled,unlabelled,unlabelled,,unlabelled
val_000016.png,val,2222,10000,M3,the two scenes seem identical,"[""there is no difference"", ""the two scenes seem identical"", ""the scene is the same as before"", ""no change has occurred"", ""almost nothing has changed""]",unlabelled,unlabelled,unlabelled,unlabelled,,unlabelled
val_000016.png,val,2222,10000,M4,the two scenes seem identical,"[""there is no difference"", ""the two scenes seem identical"", ""the scene is the same as before"", ""no change has occurred"", ""almost nothing has changed""]",unlabelled,unlabelled,unlabelled,unlabelled,,unlabelled
val_000016.png,val,3333,6000,M1,the scene is the same as before,"[""there is no difference"", ""the two scenes seem identical"", ""the scene is the same as before"", ""no change has occurred"", ""almost nothing has changed""]",unlabelled,unlabelled,unlabelled,unlabelled,,unlabelled
val_000016.png,val,3333,8000,M2,the scene is the same as before,"[""there is no difference"", ""the two scenes seem identical"", ""the scene is the same as before"", ""no change has occurred"", ""almost nothing has changed""]",unlabelled,unlabelled,unlabelled,unlabelled,,unlabelled
val_000016.png,val,3333,3000,M3,the two scenes seem identical,"[""there is no difference"", ""the two scenes seem identical"", ""the scene is the same as before"", ""no change has occurred"", ""almost nothing has changed""]",unlabelled,unlabelled,unlabelled,unlabelled,,unlabelled
val_000016.png,val,3333,8000,M4,the two scenes seem identical,"[""there is no difference"", ""the two scenes seem identical"", ""the scene is the same as before"", ""no change has occurred"", ""almost nothing has changed""]",unlabelled,unlabelled,unlabelled,unlabelled,,unlabelled
