dataset,seed,checkpoint,selection_json,test_result,Bleu_1,Bleu_2,Bleu_3,Bleu_4,METEOR,ROUGE_L,CIDEr,SPICE,all_metrics_strictly_above_baseline
levir_cc,1111,/root/autodl-tmp/z1zy1/experiments/unified_rsaca/unified_rsaca_levir_cc_seed1111/snapshots/unified_rsaca_levir_cc_seed1111_checkpoint_10000.pt,/root/autodl-tmp/z1zy1/experiments/unified_rsaca/unified_rsaca_levir_cc_seed1111/best_snapshot_for_paper.json,/root/autodl-tmp/z1zy1/experiments/unified_rsaca/unified_rsaca_levir_cc_seed1111/test_unified_locked_result.json,0.820227841066906,0.7177858381554483,0.6273467488039608,0.5472358390857668,0.3863433160360336,0.7424440802427856,1.3431634242835615,0.3463396664150722,False
levir_cc,2222,/root/autodl-tmp/z1zy1/experiments/unified_rsaca/unified_rsaca_levir_cc_seed2222/snapshots/unified_rsaca_levir_cc_seed2222_checkpoint_8000.pt,/root/autodl-tmp/z1zy1/experiments/unified_rsaca/unified_rsaca_levir_cc_seed2222/best_snapshot_for_paper.json,/root/autodl-tmp/z1zy1/experiments/unified_rsaca/unified_rsaca_levir_cc_seed2222/test_unified_locked_result.json,0.8199985622887772,0.718669249865421,0.6292234154222057,0.5508252625135561,0.384324851514582,0.7407806162116628,1.3363757891973198,0.34887489349839806,False
levir_cc,3333,/root/autodl-tmp/z1zy1/experiments/unified_rsaca/unified_rsaca_levir_cc_seed3333/snapshots/unified_rsaca_levir_cc_seed3333_checkpoint_10000.pt,/root/autodl-tmp/z1zy1/experiments/unified_rsaca/unified_rsaca_levir_cc_seed3333/best_snapshot_for_paper.json,/root/autodl-tmp/z1zy1/experiments/unified_rsaca/unified_rsaca_levir_cc_seed3333/test_unified_locked_result.json,0.8274074074073516,0.7271919763369462,0.6396466242358715,0.5642399966825559,0.39117135610718834,0.7425533709584279,1.343095239593566,0.3335739873092885,False
levir_mci,1111,/root/autodl-tmp/z1zy1/experiments/unified_rsaca/unified_rsaca_levir_mci_seed1111/snapshots/unified_rsaca_levir_mci_seed1111_checkpoint_10000.pt,/root/autodl-tmp/z1zy1/experiments/unified_rsaca/unified_rsaca_levir_mci_seed1111/best_snapshot_for_paper.json,/root/autodl-tmp/z1zy1/experiments/unified_rsaca/unified_rsaca_levir_mci_seed1111/test_unified_locked_result.json,0.8315906100684972,0.728270747947947,0.635368587078938,0.5527677793282381,0.3933472723438295,0.7556194943131112,1.3721817785061168,0.35385560505732855,False
levir_mci,2222,/root/autodl-tmp/z1zy1/experiments/unified_rsaca/unified_rsaca_levir_mci_seed2222/snapshots/unified_rsaca_levir_mci_seed2222_checkpoint_10000.pt,/root/autodl-tmp/z1zy1/experiments/unified_rsaca/unified_rsaca_levir_mci_seed2222/best_snapshot_for_paper.json,/root/autodl-tmp/z1zy1/experiments/unified_rsaca/unified_rsaca_levir_mci_seed2222/test_unified_locked_result.json,0.8431508577194221,0.7490604511742656,0.6681435767785282,0.6001700104999617,0.4079210005316359,0.759285025548564,1.3896726465032074,0.3157333134352297,False
levir_mci,3333,/root/autodl-tmp/z1zy1/experiments/unified_rsaca/unified_rsaca_levir_mci_seed3333/snapshots/unified_rsaca_levir_mci_seed3333_checkpoint_10000.pt,/root/autodl-tmp/z1zy1/experiments/unified_rsaca/unified_rsaca_levir_mci_seed3333/best_snapshot_for_paper.json,/root/autodl-tmp/z1zy1/experiments/unified_rsaca/unified_rsaca_levir_mci_seed3333/test_unified_locked_result.json,0.8387924630241886,0.7400301277171698,0.6526900718862921,0.5757222903629056,0.4010451113178374,0.7599534693367732,1.3881035793909275,0.34679826156254284,True
second_cc,1111,/root/autodl-tmp/z1zy1/experiments/unified_rsaca/unified_rsaca_second_cc_seed1111/snapshots/unified_rsaca_second_cc_seed1111_checkpoint_9000.pt,/root/autodl-tmp/z1zy1/experiments/unified_rsaca/unified_rsaca_second_cc_seed1111/best_snapshot_for_paper.json,/root/autodl-tmp/z1zy1/experiments/unified_rsaca/unified_rsaca_second_cc_seed1111/test_unified_locked_result.json,0.639079408626685,0.4738963132203536,0.3610647994822862,0.28363056936058845,0.24069383831851687,0.5345978768862307,0.7796960655154686,0.2512006268997702,False
second_cc,2222,/root/autodl-tmp/z1zy1/experiments/unified_rsaca/unified_rsaca_second_cc_seed2222/snapshots/unified_rsaca_second_cc_seed2222_checkpoint_9000.pt,/root/autodl-tmp/z1zy1/experiments/unified_rsaca/unified_rsaca_second_cc_seed2222/best_snapshot_for_paper.json,/root/autodl-tmp/z1zy1/experiments/unified_rsaca/unified_rsaca_second_cc_seed2222/test_unified_locked_result.json,0.6564291885947171,0.49849818930819123,0.38897987214089935,0.3115661720285815,0.24619466374300394,0.548337103382557,0.8293937314648286,0.2552866165744533,True
second_cc,3333,/root/autodl-tmp/z1zy1/experiments/unified_rsaca/unified_rsaca_second_cc_seed3333/snapshots/unified_rsaca_second_cc_seed3333_checkpoint_9000.pt,/root/autodl-tmp/z1zy1/experiments/unified_rsaca/unified_rsaca_second_cc_seed3333/best_snapshot_for_paper.json,/root/autodl-tmp/z1zy1/experiments/unified_rsaca/unified_rsaca_second_cc_seed3333/test_unified_locked_result.json,0.6606256579936336,0.5043582780784287,0.3980703830014464,0.3244273120773473,0.25653726407081073,0.5536439431300015,0.8263312712061716,0.23937695824491104,False
